product_key,entity_type,name_bn,aliases,defining_chunk_id,chunk_ids,status
dabi,brac_programme,দাবি,দাবি কর্মসূচি; দাবি+; Dabi; Group Financing,progoti_0010,progoti_0002;progoti_0005;progoti_0010;progoti_0011;progoti_0012;progoti_0013_p1;progoti_0013_p2;progoti_0021;progoti_0022_p1;progoti_0022_p2;progoti_0042;progoti_0050;progoti_0055_p1;progoti_0055_p2;progoti_0055_p3;progoti_0065;progoti_0067;progoti_0068;progoti_0069_p1;progoti_0069_p2;progoti_0069_p3;progoti_0081;progoti_0084;progoti_0086;progoti_0090_p1;progoti_0090_p2;progoti_0090_p3;progoti_0090_p4;progoti_0090_p5;progoti_0090_p6;progoti_0090_p7;progoti_0097;progoti_0098;progoti_0099;progoti_0104;progoti_0106;progoti_0110;progoti_0112;progoti_0123;progoti_0124;progoti_0128;progoti_0130;progoti_0133;progoti_0134;progoti_0135;progoti_0141;progoti_0142;progoti_0148;progoti_0151;progoti_0152;progoti_0162;progoti_0164;progoti_0172;progoti_0174;progoti_0175;progoti_0176;progoti_0177;progoti_0178;progoti_0179;progoti_0188;progoti_0189;progoti_0190;progoti_0191;progoti_0192;progoti_0193;progoti_0205;progoti_0211;progoti_0212;progoti_0223;progoti_0224;progoti_0233;progoti_0234;progoti_0238;progoti_0247;progoti_0248;progoti_0255;progoti_0257;progoti_0259;progoti_0261;progoti_0298_p1;progoti_0298_p2;progoti_0300;progoti_0307_p1;progoti_0307_p2;progoti_0307_p3;progoti_0307_p4;progoti_0307_p5;progoti_0307_p6;progoti_0307_p7;progoti_0307_p8;progoti_0307_p9;progoti_0323;progoti_0325;progoti_0331;progoti_0338;progoti_0339;progoti_0340;progoti_0341;progoti_0347;progoti_0356;progoti_0373;progoti_0376;progoti_0379;progoti_0391_p1;progoti_0391_p2;progoti_0391_p3;progoti_0391_p4;progoti_0391_p5;progoti_0392;dabi_2025_0002;dabi_2025_0005;dabi_2025_0010;dabi_2025_0011;dabi_2025_0012;dabi_2025_0013_p1;dabi_2025_0013_p2;dabi_2025_0014;dabi_2025_0015_p1;dabi_2025_0015_p2;dabi_2025_0035;dabi_2025_0043;dabi_2025_0048_p1;dabi_2025_0048_p2;dabi_2025_0048_p3;dabi_2025_0057;dabi_2025_0059_p1;dabi_2025_0059_p2;dabi_2025_0059_p3;dabi_2025_0071;dabi_2025_0074;dabi_2025_0076;dabi_2025_0079_p1;dabi_2025_0079_p2;dabi_2025_0079_p3;dabi_2025_0079_p4;dabi_2025_0079_p5;dabi_2025_0086;dabi_2025_0087;dabi_2025_0088;dabi_2025_0092;dabi_2025_0094;dabi_2025_0098;dabi_2025_0100;dabi_2025_0111;dabi_2025_0112;dabi_2025_0116;dabi_2025_0118;dabi_2025_0121;dabi_2025_0122;dabi_2025_0123;dabi_2025_0127;dabi_2025_0128;dabi_2025_0132;dabi_2025_0135;dabi_2025_0136;dabi_2025_0146;dabi_2025_0148;dabi_2025_0156;dabi_2025_0158;dabi_2025_0159;dabi_2025_0160;dabi_2025_0161;dabi_2025_0162;dabi_2025_0163;dabi_2025_0172;dabi_2025_0173;dabi_2025_0174;dabi_2025_0175;dabi_2025_0176;dabi_2025_0177;dabi_2025_0178;dabi_2025_0179;dabi_2025_0180;dabi_2025_0181;dabi_2025_0182;dabi_2025_0184;dabi_2025_0185;dabi_2025_0196;dabi_2025_0197;dabi_2025_0205;dabi_2025_0206;dabi_2025_0210;dabi_2025_0219;dabi_2025_0220;dabi_2025_0227;dabi_2025_0229;dabi_2025_0231;dabi_2025_0233;dabi_2025_0248;dabi_2025_0257;dabi_2025_0261;dabi_2025_0267;dabi_2025_0274_p1;dabi_2025_0274_p2;dabi_2025_0276;dabi_2025_0283_p1;dabi_2025_0283_p2;dabi_2025_0283_p3;dabi_2025_0283_p4;dabi_2025_0283_p5;dabi_2025_0283_p6;dabi_2025_0283_p7;dabi_2025_0283_p8;dabi_2025_0299;dabi_2025_0301;dabi_2025_0306;dabi_2025_0313;dabi_2025_0314;dabi_2025_0315;dabi_2025_0316;dabi_2025_0322;dabi_2025_0331;dabi_2025_0348;dabi_2025_0351;dabi_2025_0354;dabi_2025_0366_p1;dabi_2025_0366_p2;dabi_2025_0366_p3;dabi_2025_0366_p4;dabi_2025_0366_p5;dabi_2025_0367,
progoti,brac_programme,প্রগতি,প্রগতি কর্মসূচি; Progoti; Individual Lending; MELA,progoti_0014,progoti_0002;progoti_0005;progoti_0014;progoti_0015;progoti_0016_p1;progoti_0016_p2;progoti_0016_p3;progoti_0017;progoti_0018;progoti_0019;progoti_0020;progoti_0021;progoti_0022_p1;progoti_0022_p2;progoti_0061_p1;progoti_0061_p2;progoti_0061_p3;progoti_0066;progoti_0067;progoti_0068;progoti_0081;progoti_0084;progoti_0086;progoti_0090_p1;progoti_0090_p2;progoti_0090_p3;progoti_0090_p4;progoti_0090_p5;progoti_0090_p6;progoti_0090_p7;progoti_0097;progoti_0098;progoti_0099;progoti_0100;progoti_0102;progoti_0103;progoti_0104;progoti_0106;progoti_0107;progoti_0112;progoti_0124;progoti_0128;progoti_0133;progoti_0134;progoti_0137;progoti_0141;progoti_0142;progoti_0143;progoti_0148;progoti_0151;progoti_0152;progoti_0162;progoti_0164;progoti_0172;progoti_0194;progoti_0195;progoti_0196;progoti_0197;progoti_0198;progoti_0199;progoti_0200;progoti_0201;progoti_0202;progoti_0203;progoti_0204;progoti_0205;progoti_0206;progoti_0207;progoti_0208;progoti_0209;progoti_0211;progoti_0212;progoti_0223;progoti_0224;progoti_0226;progoti_0227;progoti_0231;progoti_0232;progoti_0233;progoti_0234;progoti_0240;progoti_0241;progoti_0245;progoti_0246;progoti_0247;progoti_0248;progoti_0255;progoti_0257;progoti_0259;progoti_0260;progoti_0261;progoti_0277;progoti_0278;progoti_0283;progoti_0298_p1;progoti_0298_p2;progoti_0300;progoti_0307_p1;progoti_0307_p2;progoti_0307_p3;progoti_0307_p4;progoti_0307_p5;progoti_0307_p6;progoti_0307_p7;progoti_0307_p8;progoti_0307_p9;progoti_0323;progoti_0328;progoti_0331;progoti_0341;progoti_0345;progoti_0357;progoti_0358;progoti_0373;progoti_0377;progoti_0379;progoti_0391_p1;progoti_0391_p2;progoti_0391_p3;progoti_0391_p4;progoti_0391_p5;dabi_2025_0002;dabi_2025_0005;dabi_2025_0014;dabi_2025_0015_p1;dabi_2025_0015_p2;dabi_2025_0071;dabi_2025_0094;dabi_2025_0112;dabi_2025_0116;dabi_2025_0132;dabi_2025_0135;dabi_2025_0146;dabi_2025_0148;dabi_2025_0156;dabi_2025_0184;dabi_2025_0185;dabi_2025_0196;dabi_2025_0198;dabi_2025_0203;dabi_2025_0204;dabi_2025_0205;dabi_2025_0206;dabi_2025_0212;dabi_2025_0213;dabi_2025_0217;dabi_2025_0218;dabi_2025_0219;dabi_2025_0231;dabi_2025_0232;dabi_2025_0261;dabi_2025_0276;dabi_2025_0283_p1;dabi_2025_0283_p2;dabi_2025_0283_p3;dabi_2025_0283_p4;dabi_2025_0283_p5;dabi_2025_0283_p6;dabi_2025_0283_p7;dabi_2025_0283_p8;dabi_2025_0320;dabi_2025_0332;dabi_2025_0333;dabi_2025_0348;dabi_2025_0352;dabi_2025_0354;dabi_2025_0366_p1;dabi_2025_0366_p2;dabi_2025_0366_p3;dabi_2025_0366_p4;dabi_2025_0366_p5,
bcup,brac_programme,বিসিইউপি,BCUP,,progoti_0010;progoti_0021;progoti_0022_p1;progoti_0022_p2;progoti_0055_p1;progoti_0055_p2;progoti_0055_p3;progoti_0069_p1;progoti_0069_p2;progoti_0069_p3;progoti_0090_p1;progoti_0090_p2;progoti_0090_p3;progoti_0090_p4;progoti_0090_p5;progoti_0090_p6;progoti_0090_p7;progoti_0098;progoti_0104;progoti_0106;progoti_0164;progoti_0174;progoti_0175;progoti_0176;progoti_0177;progoti_0178;progoti_0179;progoti_0298_p1;progoti_0298_p2;progoti_0307_p1;progoti_0307_p2;progoti_0307_p3;progoti_0307_p4;progoti_0307_p5;progoti_0307_p6;progoti_0307_p7;progoti_0307_p8;progoti_0307_p9;progoti_0376;progoti_0379;dabi_2025_0010;dabi_2025_0014;dabi_2025_0015_p1;dabi_2025_0015_p2;dabi_2025_0048_p1;dabi_2025_0048_p2;dabi_2025_0048_p3;dabi_2025_0059_p1;dabi_2025_0059_p2;dabi_2025_0059_p3;dabi_2025_0079_p1;dabi_2025_0079_p2;dabi_2025_0079_p3;dabi_2025_0079_p4;dabi_2025_0079_p5;dabi_2025_0087;dabi_2025_0092;dabi_2025_0094;dabi_2025_0148;dabi_2025_0158;dabi_2025_0159;dabi_2025_0160;dabi_2025_0161;dabi_2025_0162;dabi_2025_0163;dabi_2025_0274_p1;dabi_2025_0274_p2;dabi_2025_0283_p1;dabi_2025_0283_p2;dabi_2025_0283_p3;dabi_2025_0283_p4;dabi_2025_0283_p5;dabi_2025_0283_p6;dabi_2025_0283_p7;dabi_2025_0283_p8;dabi_2025_0351;dabi_2025_0354,
cdp,brac_programme,সিডিপি,CDP,,progoti_0021;progoti_0022_p1;progoti_0022_p2;progoti_0174;progoti_0175;progoti_0176;progoti_0177;progoti_0178;progoti_0179;progoti_0307_p1;progoti_0307_p2;progoti_0307_p3;progoti_0307_p4;progoti_0307_p5;progoti_0307_p6;progoti_0307_p7;progoti_0307_p8;progoti_0307_p9;progoti_0376;dabi_2025_0014;dabi_2025_0015_p1;dabi_2025_0015_p2;dabi_2025_0158;dabi_2025_0159;dabi_2025_0160;dabi_2025_0161;dabi_2025_0162;dabi_2025_0163;dabi_2025_0283_p1;dabi_2025_0283_p2;dabi_2025_0283_p3;dabi_2025_0283_p4;dabi_2025_0283_p5;dabi_2025_0283_p6;dabi_2025_0283_p7;dabi_2025_0283_p8;dabi_2025_0351,
ncdp,brac_programme,এনসিডিপি,NCDP,,progoti_0010;progoti_0055_p1;progoti_0055_p2;progoti_0055_p3;progoti_0069_p1;progoti_0069_p2;progoti_0069_p3;progoti_0081;progoti_0090_p1;progoti_0090_p2;progoti_0090_p3;progoti_0090_p4;progoti_0090_p5;progoti_0090_p6;progoti_0090_p7;progoti_0098;progoti_0104;progoti_0106;progoti_0164;progoti_0298_p1;progoti_0298_p2;dabi_2025_0010;dabi_2025_0048_p1;dabi_2025_0048_p2;dabi_2025_0048_p3;dabi_2025_0059_p1;dabi_2025_0059_p2;dabi_2025_0059_p3;dabi_2025_0071;dabi_2025_0079_p1;dabi_2025_0079_p2;dabi_2025_0079_p3;dabi_2025_0079_p4;dabi_2025_0079_p5;dabi_2025_0087;dabi_2025_0092;dabi_2025_0094;dabi_2025_0148;dabi_2025_0274_p1;dabi_2025_0274_p2,
scdp,brac_programme,এসসিডিপি,SCDP,,progoti_0010;progoti_0055_p1;progoti_0055_p2;progoti_0055_p3;progoti_0069_p1;progoti_0069_p2;progoti_0069_p3;progoti_0081;progoti_0090_p1;progoti_0090_p2;progoti_0090_p3;progoti_0090_p4;progoti_0090_p5;progoti_0090_p6;progoti_0090_p7;progoti_0104;progoti_0106;progoti_0164;progoti_0298_p1;progoti_0298_p2;progoti_0379;dabi_2025_0010;dabi_2025_0048_p1;dabi_2025_0048_p2;dabi_2025_0048_p3;dabi_2025_0059_p1;dabi_2025_0059_p2;dabi_2025_0059_p3;dabi_2025_0071;dabi_2025_0079_p1;dabi_2025_0079_p2;dabi_2025_0079_p3;dabi_2025_0079_p4;dabi_2025_0079_p5;dabi_2025_0092;dabi_2025_0094;dabi_2025_0148;dabi_2025_0274_p1;dabi_2025_0274_p2;dabi_2025_0354,
dabi_general_loan,brac_product,দাবি + সাধারণ লোন,দাবি সাধারণ লোন,progoti_0010,progoti_0010;dabi_2025_0010,
shadhin_loan,brac_product,স্বাধীন লোন,স্বাধীণ ঋণ,progoti_0011,progoti_0011;progoti_0013_p1;progoti_0013_p2;progoti_0391_p1;progoti_0392;dabi_2025_0011;dabi_2025_0013_p1;dabi_2025_0013_p2;dabi_2025_0366_p1;dabi_2025_0367,
loan_18_month,brac_product,১৮ মাস মেয়াদি লোন,১৮ মাস মেয়াদী ঋণ,progoti_0012,progoti_0012;progoti_0013_p1;progoti_0013_p2;progoti_0022_p2;progoti_0063;progoti_0391_p1;dabi_2025_0012;dabi_2025_0013_p1;dabi_2025_0013_p2;dabi_2025_0015_p2;dabi_2025_0055;dabi_2025_0366_p1,
wash_loan,brac_product,ওয়াশ লোন,WASH loan,progoti_0012,progoti_0012;progoti_0013_p1;progoti_0391_p1;dabi_2025_0012;dabi_2025_0013_p1;dabi_2025_0366_p1,
projukti_loan,brac_product,প্রযুক্তি লোন,technology loan,progoti_0012,progoti_0012;progoti_0013_p1;dabi_2025_0012;dabi_2025_0013_p1,
progoti_general_loan,brac_product,প্রগতি সাধারণ লোন,ট্রেড লোন,progoti_0014,progoti_0014;progoti_0016_p1;progoti_0276;progoti_0277;progoti_0278;progoti_0283;progoti_0287,
migration_loan,brac_product,মাইগ্রেশন লোন,,progoti_0014,progoti_0014;progoti_0016_p1;progoti_0331,
remittance_loan,brac_product,রেমিটেন্স লোন,রেমিট্যান্স লোন,progoti_0015,progoti_0015;progoti_0016_p1,
agribusiness_loan,brac_product,এগ্রিবিজনেস লোন,,progoti_0015,progoti_0015;progoti_0016_p1,
nirvorota_loan,brac_product,নির্ভরতা লোন,,progoti_0015,progoti_0015;progoti_0016_p1,
goti_loan,brac_product,গতি লোন,goti loan,progoti_0017,progoti_0017;progoti_0018;progoti_0391_p1;dabi_2025_0366_p1,
unmesh_loan,brac_product,উন্মেষ ঋণ,উন্মেষ লোন,progoti_0019,progoti_0019;progoti_0020;progoti_0391_p2;dabi_2025_0366_p2,
prottasha_loan,brac_product,প্রত্যাশা লোন,,progoti_0021,progoti_0021;progoti_0022_p1;dabi_2025_0014;dabi_2025_0015_p1,
refinance_loan,brac_product,রি-ফাইন্যান্স লোন,"রিফাইন্যান্সিং (process, §5.1.6)",progoti_0021,progoti_0021;progoti_0022_p1;dabi_2025_0014;dabi_2025_0015_p1,
rescheduled_loan,brac_product,রি-সিডিউলড লোন,রি-সিডিউল লোন; রিশিডিউলিং (process),progoti_0021,progoti_0021;progoti_0022_p1;dabi_2025_0014;dabi_2025_0015_p1,
general_savings,brac_product,সাধারণ সঞ্চয়,পাশবই সঞ্চয়; বাধ্যতামূলক সাধারণ সঞ্চয়,progoti_0024,progoti_0011;progoti_0013_p2;progoti_0016_p2;progoti_0018;progoti_0020;progoti_0022_p2;progoti_0023;progoti_0024;progoti_0040;progoti_0065;progoti_0066;progoti_0349;progoti_0391_p2;dabi_2025_0011;dabi_2025_0013_p2;dabi_2025_0015_p2;dabi_2025_0016;dabi_2025_0017;dabi_2025_0033;dabi_2025_0057;dabi_2025_0058;dabi_2025_0324;dabi_2025_0366_p2,
term_savings,brac_product,মেয়াদী সঞ্চয়,মেয়াদি সঞ্চয়; সঞ্চয় স্কীম,progoti_0025,progoti_0023;progoti_0025;progoti_0026;progoti_0027;progoti_0028;progoti_0029;progoti_0030;progoti_0031;progoti_0032;progoti_0033;progoti_0034;progoti_0035;progoti_0036;progoti_0037;progoti_0038;progoti_0039;progoti_0040;dabi_2025_0016;dabi_2025_0018;dabi_2025_0019;dabi_2025_0020;dabi_2025_0021;dabi_2025_0022;dabi_2025_0023;dabi_2025_0024;dabi_2025_0025;dabi_2025_0026;dabi_2025_0027;dabi_2025_0028;dabi_2025_0029;dabi_2025_0030;dabi_2025_0031;dabi_2025_0032;dabi_2025_0033,
monthly_profit_savings,brac_product,মাসিক মুনাফাভিত্তিক সঞ্চয় প্রকল্প,,progoti_0029,progoti_0029;progoti_0031;progoti_0068;progoti_0391_p2;dabi_2025_0022;dabi_2025_0024;dabi_2025_0366_p2,
double_profit_savings,brac_product,দ্বিগুণ মুনাফাভিত্তিক সঞ্চয় প্রকল্প,,progoti_0033,progoti_0033;progoti_0391_p1;dabi_2025_0026;dabi_2025_0366_p1,
onehalf_profit_savings,brac_product,দেড়গুণ মুনাফাভিত্তিক সঞ্চয় প্রকল্প,,progoti_0035,progoti_0035;progoti_0391_p1;dabi_2025_0028;dabi_2025_0366_p1,
money_plant_savings,brac_product,মানি-প্লান্ট সঞ্চয় প্রকল্প,মানিপ্ল্যান্ট সঞ্চয় প্রকল্প; মানি প্লান্ট সঞ্চয় প্রকল্প,progoti_0037,progoti_0037;progoti_0391_p1;dabi_2025_0030;dabi_2025_0366_p1,
lumpsum_fixed_savings,brac_product,এককালীন স্থায়ী সঞ্চয় প্রকল্প,,progoti_0039,progoti_0039;dabi_2025_0032,
loan_security_insurance,brac_product,ঋণ নিরাপত্তা বিমা,,progoti_0210,progoti_0210;progoti_0211;progoti_0212;progoti_0213;progoti_0214;progoti_0215_p1;progoti_0215_p2;progoti_0216;progoti_0217;progoti_0218;progoti_0219;progoti_0220;progoti_0221;progoti_0222;progoti_0223;progoti_0224;progoti_0225;progoti_0226;progoti_0227;progoti_0228;progoti_0229;progoti_0230;progoti_0231;progoti_0232;progoti_0233;progoti_0234;progoti_0235;progoti_0236;progoti_0237;progoti_0238;progoti_0239;progoti_0240;progoti_0241;progoti_0242;progoti_0243;progoti_0244;progoti_0245;progoti_0246;progoti_0247;progoti_0248;progoti_0249;progoti_0329;progoti_0330;progoti_0391_p4;dabi_2025_0183;dabi_2025_0184;dabi_2025_0185;dabi_2025_0186;dabi_2025_0187;dabi_2025_0188_p1;dabi_2025_0188_p2;dabi_2025_0189;dabi_2025_0190;dabi_2025_0191;dabi_2025_0192;dabi_2025_0193;dabi_2025_0194;dabi_2025_0195;dabi_2025_0196;dabi_2025_0197;dabi_2025_0198;dabi_2025_0199;dabi_2025_0200;dabi_2025_0201;dabi_2025_0202;dabi_2025_0203;dabi_2025_0204;dabi_2025_0205;dabi_2025_0206;dabi_2025_0207;dabi_2025_0208;dabi_2025_0209;dabi_2025_0210;dabi_2025_0211;dabi_2025_0212;dabi_2025_0213;dabi_2025_0214;dabi_2025_0215;dabi_2025_0216;dabi_2025_0217;dabi_2025_0218;dabi_2025_0219;dabi_2025_0220;dabi_2025_0221;dabi_2025_0304;dabi_2025_0305;dabi_2025_0366_p4,
chaya_savings_insurance,brac_product,ছায়া-সঞ্চয় নিরাপত্তা বিমা,,progoti_0250,progoti_0250;progoti_0251;progoti_0252;progoti_0253;progoti_0254_p1;progoti_0254_p2;progoti_0255;progoti_0256;progoti_0257;progoti_0258;progoti_0259;progoti_0260;progoti_0261;progoti_0262;progoti_0391_p4;dabi_2025_0222;dabi_2025_0223;dabi_2025_0224;dabi_2025_0225;dabi_2025_0226_p1;dabi_2025_0226_p2;dabi_2025_0227;dabi_2025_0228;dabi_2025_0229;dabi_2025_0230;dabi_2025_0231;dabi_2025_0232;dabi_2025_0233;dabi_2025_0234;dabi_2025_0366_p4,
crop_insurance,brac_product,শস্য নিরাপত্তা বিমা,শস্য বিমা; শস্য নিাপত্তা বিমা (sic),progoti_0263,progoti_0263;progoti_0264;progoti_0265;progoti_0266;progoti_0267;progoti_0268;progoti_0269;progoti_0270;progoti_0271;progoti_0272;progoti_0273;progoti_0274;dabi_2025_0235;dabi_2025_0236;dabi_2025_0237;dabi_2025_0238;dabi_2025_0239;dabi_2025_0240;dabi_2025_0241;dabi_2025_0242;dabi_2025_0243;dabi_2025_0244;dabi_2025_0245;dabi_2025_0246,
fire_safety_insurance,brac_product,ফায়ার সেফটি ইন্স্যুরেন্স,Fire Safety Insurance,progoti_0276,progoti_0275;progoti_0276;progoti_0277;progoti_0278;progoti_0279;progoti_0280;progoti_0281;progoti_0282;progoti_0283;progoti_0284;progoti_0285;progoti_0286;progoti_0287;progoti_0288;progoti_0289;progoti_0290;progoti_0291;progoti_0292;progoti_0293;progoti_0294,
livestock_insurance,brac_product,গবাদিপ্রাণি সুরক্ষা বিমা,লাইভস্টক গ্রো; Livestock Grow,dabi_2025_0248,dabi_2025_0247;dabi_2025_0248;dabi_2025_0249;dabi_2025_0250;dabi_2025_0251;dabi_2025_0252;dabi_2025_0259;dabi_2025_0260;dabi_2025_0261;dabi_2025_0262;dabi_2025_0264;dabi_2025_0265;dabi_2025_0266;dabi_2025_0267;dabi_2025_0268;dabi_2025_0270,
dairy_cow_insurance,brac_product,দুগ্ধজাত গাভীর বিমা,,dabi_2025_0252,dabi_2025_0252;dabi_2025_0253,
cattle_fattening_insurance,brac_product,গরু মোটাতাজাকরণ বিমা,,dabi_2025_0254,dabi_2025_0254;dabi_2025_0255;dabi_2025_0256,
arogya_loan,brac_product,আরোগ্য ঋণ,health loan; §5.1.2 excludes its customers from ঋণ নিরাপত্তা বিমা cover,,progoti_0003;progoti_0213;dabi_2025_0003;dabi_2025_0186,
bishesh_savings,brac_product,বিশেষ সঞ্চয়,ডিপিএস; umbrella for ডিপিএস + মাসিক মুনাফা; collateral for প্রত্যাশা লোন,,progoti_0022_p1;progoti_0022_p2;progoti_0052;progoti_0069_p3;progoti_0090_p2;progoti_0250;progoti_0251;progoti_0252;progoti_0253;progoti_0254_p1;progoti_0254_p2;progoti_0255;progoti_0256;progoti_0307_p8;progoti_0342;progoti_0345;progoti_0347;progoti_0349;dabi_2025_0015_p1;dabi_2025_0015_p2;dabi_2025_0045;dabi_2025_0059_p3;dabi_2025_0079_p1;dabi_2025_0222;dabi_2025_0223;dabi_2025_0224;dabi_2025_0225;dabi_2025_0226_p1;dabi_2025_0226_p2;dabi_2025_0227;dabi_2025_0228;dabi_2025_0283_p7;dabi_2025_0317;dabi_2025_0320;dabi_2025_0322;dabi_2025_0324,
credit_shield_insurance,brac_product,ক্রেডিট শিল্ড ইন্স্যুরেন্স,named once in সূচনা only; may be the English name for ঋণ নিরাপত্তা বিমা -- CONFIRM before treating as distinct,,progoti_0003;dabi_2025_0003,
shena_insurance,underwriter,সেনা ইন্স্যুরেন্স পিএলসি,Sena Insurance PLC; underwrites ফায়ার সেফটি (Progoti §5.4.6) and গবাদিপ্রাণি সুরক্ষা (Dabi §5.4.3),dabi_2025_0257,progoti_0280;progoti_0281;progoti_0289;progoti_0290;dabi_2025_0251;dabi_2025_0252;dabi_2025_0253;dabi_2025_0254;dabi_2025_0255;dabi_2025_0256;dabi_2025_0257;dabi_2025_0269,
green_delta_insurance,underwriter,গ্রীন ডেল্টা ইন্স্যুরেন্স পিএলসি,Green Delta Insurance PLC; underwrites গবাদিপ্রাণি সুরক্ষা বিমা (Dabi only),dabi_2025_0258,dabi_2025_0251;dabi_2025_0252;dabi_2025_0253;dabi_2025_0254;dabi_2025_0255;dabi_2025_0256;dabi_2025_0258;dabi_2025_0269,
guardian_life,underwriter,গার্ডিয়ান লাইফ ইন্স্যুরেন্স লিমিটেড,"গার্ডিান লাইফ (sic); ইইস্যুরেন্স (sic, Progoti); ইনশুরেন্স (Dabi); underwrites ঋণ নিরাপত্তা বিমা and ছায়া-সঞ্চয় নিরাপত্তা বিমা",,progoti_0210;progoti_0233;progoti_0235;progoti_0247;progoti_0249;progoti_0250;dabi_2025_0183;dabi_2025_0205;dabi_2025_0207;dabi_2025_0219;dabi_2025_0221;dabi_2025_0222,
pioneer_insurance,underwriter,পাইওনিয়ার ইন্স্যুরেন্স কোম্পানি লিমিটেড,পাইওনিয়র (sic); co-underwrites ফায়ার সেফটি with সেনা (Progoti only),,progoti_0280;progoti_0281;progoti_0289;progoti_0290,
brac_microinsurance,brac_unit,ব্র্যাক মাইক্রোইন্স্যুরেন্স,BRAC Microinsurance central team; receives claim documents. Not an insurer and not a product.,,progoti_0232;progoti_0234;progoti_0235;progoti_0237;progoti_0246;progoti_0248;progoti_0249;progoti_0260;progoti_0368;dabi_2025_0204;dabi_2025_0206;dabi_2025_0207;dabi_2025_0209;dabi_2025_0218;dabi_2025_0220;dabi_2025_0221;dabi_2025_0232;dabi_2025_0343,
